Robert,King,12000.00,10000.00
Maria,Lopez,8000.00,7000.00
Daniel,Young,5000.00,0.00
Lisa,Scott,3500.00,3000.00
Kevin,Green,15000.00,14000.00
Anna,Hill,2200.00,2000.00
Brian,Turner,4000.00,0.00
Nancy,Baker,6000.00,5000.00
Chris,Ward,7000.00,6500.00
Emma,Evans,3200.00,0.00
Robert,King,9000.00,8500.00
Maria,Lopez,2500.00,2200.00
Daniel,Young,11000.00,10000.00
Lisa,Scott,4100.00,0.00
Kevin,Green,5600.00,5000.00
Anna,Hill,7600.00,7200.00
Brian,Turner,13200.00,12000.00
Nancy,Baker,2600.00,2500.00
Chris,Ward,9800.00,0.00
Emma,Evans,4300.00,4000.00
Robert,King,6100.00,6000.00
Maria,Lopez,7200.00,7000.00
Daniel,Young,15400.00,15000.00
Lisa,Scott,1800.00,0.00
Kevin,Green,9900.00,9500.00
Anna,Hill,4800.00,4700.00
Brian,Turner,6200.00,6000.00
Nancy,Baker,7300.00,0.00
Chris,Ward,16100.00,15000.00
Emma,Evans,2800.00,2600.00
Robert,King,10800.00,10000.00
Maria,Lopez,5100.00,5000.00
Daniel,Young,6400.00,0.00
Lisa,Scott,3900.00,3800.00
Kevin,Green,14300.00,14000.00
Anna,Hill,2100.00,2000.00
Brian,Turner,11200.00,10000.00
Nancy,Baker,5300.00,0.00
Chris,Ward,6700.00,6500.00
Emma,Evans,4500.00,4300.00
Robert,King,17200.00,16000.00
Maria,Lopez,2400.00,2200.00
Daniel,Young,11800.00,0.00
Lisa,Scott,5600.00,5400.00
Kevin,Green,6900.00,6700.00
Anna,Hill,3200.00,3000.00
Brian,Turner,15800.00,15000.00
Nancy,Baker,2600.00,0.00
Chris,Ward,12500.00,12000.00
Emma,Evans,6100.00,6000.00
Robert,King,7100.00,7000.00
Maria,Lopez,4700.00,0.00
Daniel,Young,16500.00,16000.00
Lisa,Scott,2200.00,2100.00
Kevin,Green,13400.00,13000.00
Anna,Hill,5900.00,5800.00
Brian,Turner,7300.00,0.00
Nancy,Baker,4100.00,4000.00
Chris,Ward,17600.00,17000.00
Emma,Evans,2900.00,2800.00
