1,12000.00,Approved,Gold
2,8000.00,Approved,Silver
3,5000.00,Rejected,Bronze
4,3500.00,Approved,Family
5,15000.00,Approved,Corporate
6,2200.00,Approved,Senior
7,4000.00,Pending,Gold
8,6000.00,Approved,Silver
9,7000.00,Approved,Bronze
10,3200.00,Rejected,Family
11,9000.00,Approved,Corporate
12,2500.00,Approved,Senior
13,11000.00,Approved,Gold
14,4100.00,Pending,Silver
15,5600.00,Approved,Bronze
16,7600.00,Approved,Family
17,13200.00,Approved,Corporate
18,2600.00,Approved,Senior
19,9800.00,Rejected,Gold
20,4300.00,Approved,Silver
21,6100.00,Approved,Bronze
22,7200.00,Approved,Family
23,15400.00,Approved,Corporate
24,1800.00,Pending,Senior
25,9900.00,Approved,Gold
26,4800.00,Approved,Silver
27,6200.00,Approved,Bronze
28,7300.00,Rejected,Family
29,16100.00,Approved,Corporate
30,2800.00,Approved,Senior
31,10800.00,Approved,Gold
32,5100.00,Approved,Silver
33,6400.00,Pending,Bronze
34,3900.00,Approved,Family
35,14300.00,Approved,Corporate
36,2100.00,Approved,Senior
37,11200.00,Approved,Gold
38,5300.00,Rejected,Silver
39,6700.00,Approved,Bronze
40,4500.00,Approved,Family
41,17200.00,Approved,Corporate
42,2400.00,Approved,Senior
43,11800.00,Pending,Gold
44,5600.00,Approved,Silver
45,6900.00,Approved,Bronze
46,3200.00,Approved,Family
47,15800.00,Approved,Corporate
48,2600.00,Rejected,Senior
49,12500.00,Approved,Gold
50,6100.00,Approved,Silver
51,7100.00,Approved,Bronze
52,4700.00,Pending,Family
53,16500.00,Approved,Corporate
54,2200.00,Approved,Senior
55,13400.00,Approved,Gold
56,5900.00,Approved,Silver
57,7300.00,Rejected,Bronze
58,4100.00,Approved,Family
59,17600.00,Approved,Corporate
60,2900.00,Approved,Senior
