1,Chest Pain,101,John Smith
2,Fracture,102,Emily Brown
3,Migraine,103,David Wilson
4,Fever,104,Sarah Lee
5,Appendicitis,105,Michael Adams
6,Skin Rash,106,Linda White
7,Sinus Infection,107,James Hall
8,Pregnancy Check,108,Sophia Clark
9,Heart Check,109,John Smith
10,Knee Pain,110,Emily Brown
11,Headache,111,David Wilson
12,Cold,112,Sarah Lee
13,Surgery,113,Michael Adams
14,Allergy,114,Linda White
15,Ear Pain,115,James Hall
16,Checkup,116,Sophia Clark
17,BP Issue,117,John Smith
18,Back Pain,118,Emily Brown
19,Seizure,119,David Wilson
20,Flu,120,Sarah Lee
21,Gallstones,121,Michael Adams
22,Acne,122,Linda White
23,ENT Review,123,James Hall
24,Prenatal,124,Sophia Clark
25,Arrhythmia,125,John Smith
26,Joint Pain,126,Emily Brown
27,Dizziness,127,David Wilson
28,Infection,128,Sarah Lee
29,Procedure,129,Michael Adams
30,Burn,130,Linda White
31,Ear Infection,131,James Hall
32,Consultation,132,Sophia Clark
33,Cardio Review,133,John Smith
34,Sprain,134,Emily Brown
35,Neuro Eval,135,David Wilson
36,Child Care,136,Sarah Lee
37,Operation,137,Michael Adams
38,Skin Care,138,Linda White
39,Throat Pain,139,James Hall
40,Scan,140,Sophia Clark
41,Heart Pain,141,John Smith
42,Broken Arm,142,Emily Brown
43,Migraine,143,David Wilson
44,Viral Fever,144,Sarah Lee
45,Appendix,145,Michael Adams
46,Rash,146,Linda White
47,Sinus,147,James Hall
48,Maternity,148,Sophia Clark
49,Heart Test,149,John Smith
50,Leg Injury,150,Emily Brown
51,Head Pain,151,David Wilson
52,Cold,152,Sarah Lee
53,Surgery,153,Michael Adams
54,Allergy,154,Linda White
55,ENT,155,James Hall
56,Review,156,Sophia Clark
57,BP Check,157,John Smith
58,Back Pain,158,Emily Brown
59,Seizure,159,David Wilson
60,Flu,160,Sarah Lee
